{"model_path":"/home/artifacts/training/training/5fa519712dd2d68f6c38ad38a424c5d93abd814caa72ce05a7d76acb1d255d53/THEIA_E3/trained_models/model_epoch_11","_timestamp":1.7837907290986276e+09,"time_per_batch_inference":0.027,"_wandb":{"runtime":2064},"model_sha256":"879db6e69cea55772fb2e74c0d203ad68b5fbd3119c69b33b201d59477b3305f","time_construction":0.06,"time_training":1386.04,"best_val_loss_model_sha256":"879db6e69cea55772fb2e74c0d203ad68b5fbd3119c69b33b201d59477b3305f","epoch":11,"_step":9,"time_batching":0.09,"time_transformation":0.06,"best_val_loss_model_path":"/home/artifacts/training/training/5fa519712dd2d68f6c38ad38a424c5d93abd814caa72ce05a7d76acb1d255d53/THEIA_E3/trained_models/model_epoch_11","train_epoch":11,"val_loss":0.6119085807972794,"peak_inference_cpu_memory":0.013,"peak_train_cpu_memory":0.018,"best_val_loss":0.6119085807972794,"train_loss":0.5923,"_runtime":2064,"val_score":-Infinity,"time_featurization":89.63,"time_feat_inference":587.34,"best_val_loss_epoch":11,"train_epoch_time":100.65,"peak_train_gpu_memory":1.066,"peak_inference_gpu_memory":0.274}