{"train_epoch":11,"val_loss":0.6728210421466861,"time_per_batch_inference":0.025,"best_val_loss_model_path":"/home/artifacts/training/training/39ab3a9cfd4793c77bfa985189e8a24809ffbbcfb385c0309ac664e5e48922d2/THEIA_E3/trained_models/model_epoch_5","time_batching":0.08,"time_training":1336.71,"val_score":-Infinity,"train_loss":0.5922,"model_sha256":"f7a16a4bcbfa8b030f57473cc3ce88da09ae811641d1558e833f919a6fbd603d","_timestamp":1.7837851935865433e+09,"best_val_loss_epoch":5,"time_transformation":0.06,"peak_train_cpu_memory":0.018,"time_construction":0.06,"model_path":"/home/artifacts/training/training/39ab3a9cfd4793c77bfa985189e8a24809ffbbcfb385c0309ac664e5e48922d2/THEIA_E3/trained_models/model_epoch_11","train_epoch_time":96.9,"best_val_loss_model_sha256":"c407caf08739fde580061be8b13a9cd0162c7e557f3b4941f4626f5f2d23f85a","epoch":11,"_wandb":{"runtime":2016},"time_feat_inference":588.84,"_runtime":2016,"peak_train_gpu_memory":1.066,"peak_inference_cpu_memory":0.013,"time_featurization":89.38,"_step":9,"best_val_loss":0.6156043887837928,"peak_inference_gpu_memory":0.274}