{"lr(+)":97.35815,"adp_img":{"sha256":"5f8f395b736b35ef85d53f32d2c3655382642fe7ea2708d9311c20d6dd1febf1","size":26088,"path":"media/images/adp_img_1_5f8f395b736b35ef85d5.png","format":"png","width":1000,"height":600,"_type":"image-file"},"tp":1,"neat_scores_img_file":"/home/artifacts/evaluation/evaluation/ae7a653c84ba5a652316f20108b123ed39d0b3f6aae6ed25034226b8a456f2e5/THEIA_E3/precision_recall_dir/neat_scores_model_epoch_5.svg","scores_file":"/home/artifacts/evaluation/evaluation/ae7a653c84ba5a652316f20108b123ed39d0b3f6aae6ed25034226b8a456f2e5/THEIA_E3/precision_recall_dir/scores_model_epoch_5.pkl","fscore":0.01111,"epoch":5,"fp":61,"percent_detected_attacks":0.5,"ap":0.00345,"time_evaluation":671.57,"_runtime":672,"discrim_tp_att_0":0,"_wandb":{"runtime":672},"adp_score":0.045,"fpr":8.7e-05,"tn":700723,"discrim_img":{"_type":"image-file","sha256":"2163eed75439316bf67ba2ef44bfb8a36a0569c51027f3b3e2c41f5c85b34161","size":36682,"path":"media/images/discrim_img_1_2163eed75439316bf67b.png","format":"png","width":800,"height":600},"fps_if_all_attacks_detected":88,"dor":98.18173,"selected_checkpoint_sha256":"c407caf08739fde580061be8b13a9cd0162c7e557f3b4941f4626f5f2d23f85a","discrim_tp_att_1":0,"_step":3,"balanced_acc":0.50419,"accuracy":0.99975,"fn":117,"discrim_score_att_0":-0.4647,"scores_img":{"format":"png","width":1200,"height":600,"_type":"image-file","sha256":"0c9d2d13c48ac710ffa43a9838f3b2a66d18c203f0edecaa2bff72d35b82052b","size":173797,"path":"media/images/scores_img_1_0c9d2d13c48ac710ffa4.png"},"discrim_tp_att_sum":0,"discrimination":-0.4096,"tps_if_all_attacks_detected":3,"fp_in_malicious_tw_ratio":0,"precision":0.01613,"precision_if_all_attacks_detected":0.03296703296703261,"selected_epoch":5,"auc":0.63913,"recall_if_all_attacks_detected":0.025210084033613234,"recall":0.00847,"selected_checkpoint":"/home/artifacts/training/training/39ab3a9cfd4793c77bfa985189e8a24809ffbbcfb385c0309ac664e5e48922d2/THEIA_E3/trained_models/model_epoch_5","discrim_score_att_1":-0.3545,"_timestamp":1.7837858809418187e+09,"mcc":0.01157}