{"adp_img":{"path":"media/images/adp_img_1_8f52f0baab7704a10516.png","format":"png","width":1000,"height":600,"_type":"image-file","sha256":"8f52f0baab7704a10516a77082705e6ecc468eae0a22698cd386cb1baec8bd50","size":25954},"selected_epoch":7,"tn":700157,"discrim_tp_att_0":0,"fp":627,"_timestamp":1.7837831579240098e+09,"discrimination":-0.4076,"discrim_score_att_0":-0.4401,"_step":3,"percent_detected_attacks":0.5,"mcc":0.00329,"accuracy":0.99894,"neat_scores_img_file":"/home/artifacts/evaluation/evaluation/5eec968ead69a93f1d5986b993a22636b3a80b578d2d6fb09ac46dde15b23728/THEIA_E3/precision_recall_dir/neat_scores_model_epoch_7.svg","auc":0.62195,"balanced_acc":0.50379,"lr(+)":9.47185,"discrim_tp_att_1":0,"time_evaluation":661.36,"tps_if_all_attacks_detected":1,"dor":9.54425,"tp":1,"precision":0.00159,"precision_if_all_attacks_detected":0.0014164305949008478,"discrim_img":{"path":"media/images/discrim_img_1_b62737dd77e987c42bf2.png","format":"png","width":800,"height":600,"_type":"image-file","sha256":"b62737dd77e987c42bf22d97cf5ffd2caac5f520fd7e4a23e75ce5bf5a5bd9b9","size":34345},"scores_img":{"format":"png","width":1200,"height":600,"_type":"image-file","sha256":"f454ab49a3c690b636fae438e1cf548a17ab12f95c88c2d23d79f3480879370f","size":172364,"path":"media/images/scores_img_1_f454ab49a3c690b636fa.png"},"fps_if_all_attacks_detected":705,"recall_if_all_attacks_detected":0.008403361344537745,"adp_score":0.011,"selected_checkpoint":"/home/artifacts/training/training/edc2c328b150d431ee1a7679c130f36fe030c4ce1fa1a30ade9a02cbf2524ee7/THEIA_E3/trained_models/model_epoch_7","ap":0.00103,"scores_file":"/home/artifacts/evaluation/evaluation/5eec968ead69a93f1d5986b993a22636b3a80b578d2d6fb09ac46dde15b23728/THEIA_E3/precision_recall_dir/scores_model_epoch_7.pkl","fn":117,"fpr":0.0008947,"epoch":7,"fp_in_malicious_tw_ratio":0,"_wandb":{"runtime":661},"discrim_score_att_1":-0.3751,"discrim_tp_att_sum":0,"selected_checkpoint_sha256":"44513194dd68d59303065821afa9eee205fcc708cf74f3b20e5b06f4820b6a10","_runtime":661,"fscore":0.00268,"recall":0.00847}