{"epoch":11,"val_score":-Infinity,"_runtime":2020,"train_epoch_time":98.66,"time_per_batch_inference":0.026,"best_val_loss":0.6283816283069394,"model_sha256":"e8d3e6c4e9f86c6d511c9d170065e437b9fef45e66343e06a3a8131a002f1ca1","time_transformation":0.06,"_timestamp":1.783782480626767e+09,"model_path":"/home/artifacts/training/training/edc2c328b150d431ee1a7679c130f36fe030c4ce1fa1a30ade9a02cbf2524ee7/THEIA_E3/trained_models/model_epoch_11","best_val_loss_model_sha256":"44513194dd68d59303065821afa9eee205fcc708cf74f3b20e5b06f4820b6a10","time_featurization":87.71,"train_loss":0.5918,"train_epoch":11,"_wandb":{"runtime":2020},"best_val_loss_model_path":"/home/artifacts/training/training/edc2c328b150d431ee1a7679c130f36fe030c4ce1fa1a30ade9a02cbf2524ee7/THEIA_E3/trained_models/model_epoch_7","_step":9,"time_batching":0.1,"val_loss":0.7337271926350079,"time_construction":0.06,"peak_train_cpu_memory":0.018,"peak_inference_cpu_memory":0.013,"peak_train_gpu_memory":1.066,"time_training":1360.49,"best_val_loss_epoch":7,"peak_inference_gpu_memory":0.274,"time_feat_inference":570.01}