{"fn":118,"selected_checkpoint":"/home/artifacts/training/training/1114df43bb7f13e9ab65c9bdce7f41ab07f089d75ec2a2f1a4a80d11290c474d/THEIA_E3/trained_models/model_epoch_7","_timestamp":1.783780442006612e+09,"_wandb":{"runtime":652},"fpr":0.0008005,"fscore":0,"epoch":7,"percent_detected_attacks":0,"discrimination":-0.5795,"balanced_acc":0.4996,"selected_epoch":7,"fp_in_malicious_tw_ratio":0,"discrim_img":{"path":"media/images/discrim_img_1_f019f3a53496e87e2277.png","format":"png","width":800,"height":600,"_type":"image-file","sha256":"f019f3a53496e87e22778bf992851ce3bfe651796ab224357a5f27d81e7c2fde","size":34283},"tn":700223,"discrim_tp_att_0":0,"scores_file":"/home/artifacts/evaluation/evaluation/3f41b46f4375405d229d88485f466756cc1d3dde77a949ec0c604b3c5f098354/THEIA_E3/precision_recall_dir/scores_model_epoch_7.pkl","precision_if_all_attacks_detected":0.0015128593040847178,"discrim_tp_att_sum":0,"selected_checkpoint_sha256":"5c0fc0abb3527e343b9193ad9f040da5af76c005ef0828e34e8bea9fcca3b28a","tps_if_all_attacks_detected":1,"lr(+)":0,"discrim_score_att_0":-0.5884,"dor":0,"precision":0,"tp":0,"auc":0.56116,"discrim_score_att_1":-0.5706,"adp_score":0.003,"recall_if_all_attacks_detected":0.008403361344537745,"scores_img":{"width":1200,"height":600,"_type":"image-file","sha256":"383ba3737c3657a21177558399b5a1bf66602c18956bc1d6e898d3e43503ee2d","size":174522,"path":"media/images/scores_img_1_383ba3737c3657a21177.png","format":"png"},"fps_if_all_attacks_detected":660,"recall":0,"mcc":-0.00037,"time_evaluation":652.25,"adp_img":{"height":600,"_type":"image-file","sha256":"c7a070874999222dde74206c08245835e6eab84818d3ef43d178c0b1f6607372","size":25641,"path":"media/images/adp_img_1_c7a070874999222dde74.png","format":"png","width":1000},"neat_scores_img_file":"/home/artifacts/evaluation/evaluation/3f41b46f4375405d229d88485f466756cc1d3dde77a949ec0c604b3c5f098354/THEIA_E3/precision_recall_dir/neat_scores_model_epoch_7.svg","accuracy":0.99903,"_runtime":652,"_step":3,"ap":0.00048,"discrim_tp_att_1":0,"fp":561}