{"discrim_img":{"height":600,"_type":"image-file","sha256":"0e14fb5877c089561225938cc1990c5d63b699211aa8810e6b9ffa2e1205f9aa","size":39884,"path":"media/images/discrim_img_1_0e14fb5877c089561225.png","format":"png","width":800},"discrim_score_att_0":-0.4807,"scores_img":{"format":"png","width":1200,"height":600,"_type":"image-file","sha256":"e5de0e56d9661c4864f7b71284213f16b70c5c765a6627120181a5228a0212a1","size":167202,"path":"media/images/scores_img_1_e5de0e56d9661c4864f7.png"},"adp_score":0.014,"epoch":3,"tn":700715,"lr(+)":86.07025,"_wandb":{"runtime":664},"percent_detected_attacks":0.5,"discrim_tp_att_1":0,"mcc":0.01087,"adp_img":{"path":"media/images/adp_img_1_1079a40d745f0707dbfe.png","format":"png","width":1000,"height":600,"_type":"image-file","sha256":"1079a40d745f0707dbfe7174f6a0e73a02d1ed4f834fe2a5176a6afefe8de04d","size":25668},"discrim_tp_att_sum":0,"accuracy":0.99973,"_runtime":664,"_step":3,"time_evaluation":663.51,"selected_epoch":3,"precision":0.01429,"fscore":0.01064,"fp_in_malicious_tw_ratio":0,"tp":1,"fps_if_all_attacks_detected":1320,"scores_file":"/home/artifacts/evaluation/evaluation/81f46e07fcf825710400c88e6e4e7a54019481835d9b307e48ad0271ca7468b4/THEIA_E3/precision_recall_dir/scores_model_epoch_3.pkl","neat_scores_img_file":"/home/artifacts/evaluation/evaluation/81f46e07fcf825710400c88e6e4e7a54019481835d9b307e48ad0271ca7468b4/THEIA_E3/precision_recall_dir/neat_scores_model_epoch_3.svg","discrimination":-0.3866,"_timestamp":1.783788645881801e+09,"dor":86.79735,"fn":117,"balanced_acc":0.50419,"recall_if_all_attacks_detected":0.042016806722688725,"selected_checkpoint_sha256":"1595495a521db1cb41bd50c9a986bb1864949da57fb4e7efc6054beb6c4493fd","fp":69,"ap":0.0013,"fpr":9.85e-05,"tps_if_all_attacks_detected":5,"selected_checkpoint":"/home/artifacts/training/training/bec62cf918e6145fee9cf6b28bf859229ba523ad078666f1508ff2178f341785/THEIA_E3/trained_models/model_epoch_3","auc":0.57244,"discrim_tp_att_0":0,"discrim_score_att_1":-0.2926,"precision_if_all_attacks_detected":0.003773584905660375,"recall":0.00847}