{"time_transformation":0.06,"peak_inference_gpu_memory":0.274,"time_feat_inference":595.67,"best_val_loss":0.6251064904040919,"best_val_loss_model_path":"/home/artifacts/training/training/bec62cf918e6145fee9cf6b28bf859229ba523ad078666f1508ff2178f341785/THEIA_E3/trained_models/model_epoch_3","peak_train_gpu_memory":1.066,"val_loss":0.763165981706453,"time_training":1374.9,"val_score":-Infinity,"train_epoch":11,"best_val_loss_epoch":3,"_runtime":2065,"peak_inference_cpu_memory":0.013,"train_loss":0.5917,"_timestamp":1.7837879660110438e+09,"time_per_batch_inference":0.028,"_step":9,"train_epoch_time":99.69,"model_path":"/home/artifacts/training/training/bec62cf918e6145fee9cf6b28bf859229ba523ad078666f1508ff2178f341785/THEIA_E3/trained_models/model_epoch_11","model_sha256":"efc5cb5e6c705741dd13f9005fc17e1823c1f4a499696607f5bf48172191a142","peak_train_cpu_memory":0.018,"_wandb":{"runtime":2065},"time_featurization":93.73,"time_construction":0.06,"time_batching":0.1,"best_val_loss_model_sha256":"1595495a521db1cb41bd50c9a986bb1864949da57fb4e7efc6054beb6c4493fd","epoch":11}