{"fpr":0.0007905,"discrim_score_att_0":-0.5448,"mcc":-0.00036,"_wandb":{"runtime":633},"fp":554,"epoch":11,"lr(+)":0,"time_evaluation":632.54,"selected_epoch":11,"discrim_tp_att_0":0,"discrim_tp_att_sum":0,"_runtime":633,"_step":3,"discrim_tp_att_1":0,"scores_img":{"sha256":"0c28c85d6e5d7b585c69ee4cc5adc001d7ce0400b44a5ce467bbb64fc487cc2d","size":173146,"path":"media/images/scores_img_1_0c28c85d6e5d7b585c69.png","format":"png","width":1200,"height":600,"_type":"image-file"},"adp_score":0.009,"ap":0.00129,"fscore":0,"_timestamp":1.7837913778381817e+09,"scores_file":"/home/artifacts/evaluation/evaluation/072e90f5a9da5f0feeb6e6fcbcf964a841daa2e42e9d1f75f3595872c7b5d090/THEIA_E3/precision_recall_dir/scores_model_epoch_11.pkl","fn":118,"dor":0,"fp_in_malicious_tw_ratio":0,"discrimination":-0.5259,"neat_scores_img_file":"/home/artifacts/evaluation/evaluation/072e90f5a9da5f0feeb6e6fcbcf964a841daa2e42e9d1f75f3595872c7b5d090/THEIA_E3/precision_recall_dir/neat_scores_model_epoch_11.svg","precision_if_all_attacks_detected":0.0015455950540958245,"tp":0,"auc":0.62142,"discrim_img":{"_type":"image-file","sha256":"8ef79b9ff6a90e04f44fee1e3d1934379eb396f7bb7f137e043d324934f2263d","size":35037,"path":"media/images/discrim_img_1_8ef79b9ff6a90e04f44f.png","format":"png","width":800,"height":600},"recall_if_all_attacks_detected":0.008403361344537745,"percent_detected_attacks":0,"discrim_score_att_1":-0.5069,"recall":0,"tn":700230,"tps_if_all_attacks_detected":1,"adp_img":{"width":1000,"height":600,"_type":"image-file","sha256":"34b506ea2673c9a649d827fde1a1a83e2729e74145fd4c7f39f0e27be6cae09e","size":25638,"path":"media/images/adp_img_1_34b506ea2673c9a649d8.png","format":"png"},"precision":0,"balanced_acc":0.4996,"selected_checkpoint_sha256":"879db6e69cea55772fb2e74c0d203ad68b5fbd3119c69b33b201d59477b3305f","fps_if_all_attacks_detected":646,"selected_checkpoint":"/home/artifacts/training/training/5fa519712dd2d68f6c38ad38a424c5d93abd814caa72ce05a7d76acb1d255d53/THEIA_E3/trained_models/model_epoch_11","accuracy":0.99904}