{"time_feat_inference":573.39,"peak_train_gpu_memory":1.066,"time_per_batch_inference":0.03,"time_training":1355.02,"time_featurization":86.93,"val_loss":0.6931763447104848,"epoch":11,"best_val_loss":0.6091620351885353,"train_epoch_time":97.13,"best_val_loss_model_path":"/home/artifacts/training/training/1114df43bb7f13e9ab65c9bdce7f41ab07f089d75ec2a2f1a4a80d11290c474d/THEIA_E3/trained_models/model_epoch_7","val_score":-Infinity,"_wandb":{"runtime":2427},"train_loss":0.5919,"time_transformation":12.12,"_runtime":2427,"train_epoch":11,"peak_train_cpu_memory":0.018,"best_val_loss_epoch":7,"model_sha256":"ecdab7adf49edd7978bf40104c4a62650182f09645f086814e4fa6768829a00e","peak_inference_gpu_memory":0.274,"best_val_loss_model_sha256":"5c0fc0abb3527e343b9193ad9f040da5af76c005ef0828e34e8bea9fcca3b28a","time_batching":0.15,"time_construction":399.01,"_timestamp":1.783779774066109e+09,"_step":9,"model_path":"/home/artifacts/training/training/1114df43bb7f13e9ab65c9bdce7f41ab07f089d75ec2a2f1a4a80d11290c474d/THEIA_E3/trained_models/model_epoch_11","peak_inference_cpu_memory":0.013}