model_label,node_group,node_group_label,nodes,score_p50,score_p90,score_max,responsible_loss_p50,responsible_loss_p90,responsible_loss_max,incident_edges_p50,incident_edges_p90
Leaky selected,TP,TP,8,7.228816033,7.779693604,7.779693604,7.228816033,7.779693604,7.779693604,16.000,9143.000
Leaky selected,FP,FP,8,5.506590367,5.552866936,5.552866936,5.506590367,5.552866936,5.552866936,6.000,9.000
Leaky selected,FN,FN,110,0.836543202,3.286469364,4.899395943,0.836543202,3.286469364,4.899395943,3.000,30.900
Leaky selected,TN_near_threshold,TN (benign) near threshold,500,4.498676300,4.505951023,4.899395943,4.498676300,4.505951023,4.899395943,537.000,541.100
Non-leaky selected,TP,TP,18,9.517856598,14.214897251,15.035508156,9.517856598,14.214897251,15.035508156,15.000,40.700
Non-leaky selected,FP,FP,464,6.561613083,6.748268318,25.443239212,6.561613083,6.748268318,25.443239212,537.000,540.000
Non-leaky selected,FN,FN,100,0.744042724,1.042623008,5.606334209,0.744042724,1.042623008,5.606334209,3.000,36.200
Non-leaky selected,TN_near_threshold,TN (benign) near threshold,500,5.940767288,6.005555153,6.249447346,5.940767288,6.005555153,6.249447346,9.000,20.000
