split,count,p50,p90,p95,p99,p999,max
val,2542841,0.655163169,0.732991338,0.736414969,1.843398809,3.797692919,22.605024338
test,6401825,0.655163169,0.732991338,0.732991397,1.538948774,3.656212944,19.017999649
