score_band,total,benign,malicious,malicious_fraction
< 1.000,1426931,1426904,27,0.000018922
1.000 to 1.999,25232,25186,46,0.001823082
2.000 to 2.999,11106,11086,20,0.001800828
3.000 to 3.999,3653,3644,9,0.002463728
4.000 to 4.999,2170,2166,4,0.001843318
5.000 to 5.999,789,788,1,0.001267427
6.000 to coverage score (16.262),739,733,6,0.008119080
coverage score to threshold (16.262-22.605),4,3,1,0.250000000
>= threshold (22.605),0,0,0,0.000000000
