split,count,p50,p90,p95,p99,p999,max
val,520897,0.268924296,1.458638072,1.459329128,1.465377808,3.918610958,9.821475983
test,1989005,0.269396633,1.458638072,1.459329367,1.625190020,6.551987171,17.083299637
