node_group,description,nodes,malicious,benign,above_threshold,score_mean,score_p50,score_p90,score_p99,score_max,responsible_loss_p50,responsible_loss_max,incident_edges_p50,incident_edges_p90,incident_edges_max,score_matches_responsible_loss
TP_above_threshold,TP: malicious above threshold,23,23,0,23,15.828024491,16.527528763,17.083299637,17.083299637,17.083299637,16.527528763,17.083299637,11.000,82.600,347.000,23
FP_above_threshold,FP: benign above threshold,1082,0,1082,1082,10.642866838,10.641149521,10.641150475,10.641150475,14.502065659,10.641149521,14.502065659,1.500,8.000,54.000,1082
FN_below_threshold,FN: malicious below threshold,45,45,0,0,1.945941514,1.480947018,4.484260845,6.551986217,6.551986217,1.480947018,6.551986217,7.000,215.400,142209.000,45
TN_high_below_threshold,Top 500 benign nodes just below threshold,500,0,500,0,9.012400492,8.914241791,9.525465965,9.781067848,9.821475983,8.914241791,9.821475983,36.000,39.000,1858.000,500
TN_other,Other benign below threshold,279935,0,279935,0,1.106476354,1.428888559,1.459329486,2.525179148,8.914238930,1.428888559,8.914238930,3.000,15.000,102554.000,279935
