score_band,total,benign,malicious,malicious_fraction
< 1.000,109676,109667,9,0.000082060
1.000 to 1.999,154206,154184,22,0.000142666
2.000 to 2.999,14431,14422,9,0.000623657
3.000 to 3.999,148,148,0,0.000000000
4.000 to 4.999,100,100,0,0.000000000
5.000 to 5.999,55,52,3,0.054545455
6.000 to threshold (9.821),1862,1860,2,0.001074114
threshold to coverage (9.821-16.528),1092,1084,8,0.007326007
>= coverage score (16.528),15,0,15,1.000000000
