split,count,p50,p90,p95,p99,p999,max
val,2622521,0.623893023,0.854252219,0.951691151,1.971412659,3.217815399,5.698988914
test,6017813,0.635448992,0.854252219,0.893851995,1.925428391,3.196346313,5.713635445
