node_group,description,nodes,malicious,benign,above_threshold,score_mean,score_p50,score_p90,score_p99,score_max,responsible_loss_p50,responsible_loss_max,incident_edges_p50,incident_edges_p90,incident_edges_max,score_matches_responsible_loss
TP_above_threshold,TP: malicious above threshold,1,1,0,1,5.713635445,5.713635445,5.713635445,5.713635445,5.713635445,5.713635445,5.713635445,558197.000,558197.000,558197.000,1
FP_above_threshold,FP: benign above threshold,1,0,1,1,5.713635445,5.713635445,5.713635445,5.713635445,5.713635445,5.713635445,5.713635445,2.000,2.000,2.000,1
FN_below_threshold,FN: malicious below threshold,748,748,0,0,0.818851449,0.765087783,1.001472950,2.876836262,4.042287827,0.765087783,4.042287827,2.000,2.000,39626.000,748
TN_high_below_threshold,Top 500 benign nodes just below threshold,500,0,500,0,3.916385924,3.873442650,4.142852783,5.693843842,5.698988914,3.873442650,5.698988914,4.000,48.000,823169.000,500
TN_other,Other benign below threshold,1487948,0,1487948,0,0.476671144,0.646820009,0.854252219,2.139327350,3.433999538,0.646820009,3.433999538,2.000,3.000,1914689.000,1487948
