score_band,total,benign,malicious,malicious_fraction
< 1.000,1444321,1443731,590,0.000408496
1.000 to 1.999,19777,19645,132,0.006674420
2.000 to 2.999,19200,19180,20,0.001041667
3.000 to 3.999,5780,5775,5,0.000865052
4.000 to 4.999,97,96,1,0.010309278
5.000 to threshold (5.699),19,19,0,0.000000000
threshold to coverage (5.699-5.714),2,2,0,0.000000000
>= coverage score (5.714),2,1,1,0.500000000
