split,count,p50,p90,p95,p99,p999,max
val,2518249,0.688350737,0.708969057,0.757611513,1.644590855,3.293679714,6.880597591
test,5863232,0.688350737,0.708968997,0.708969116,1.249119163,2.956883430,10.881748199
