score_band,total,benign,malicious,malicious_fraction
< 1.000,1408731,1405863,2868,0.002035875
1.000 to 1.999,15183,15161,22,0.001448989
2.000 to 2.999,12412,12405,7,0.000563970
3.000 to 3.999,1167,1163,4,0.003427592
4.000 to 4.999,255,252,3,0.011764706
5.000 to 5.999,97,97,0,0.000000000
6.000 to threshold (6.881),69,69,0,0.000000000
threshold to coverage (6.881-10.882),18,18,0,0.000000000
>= coverage score (10.882),2,1,1,0.500000000
