split,count,p50,p90,p95,p99,p999,max
val,257311,0.684066057,0.749230385,0.823590994,6.793697834,6.934200287,7.086448669
test,5002043,0.660277426,0.767666876,0.817538977,4.794460773,6.934199333,7.232574463
