score_band,total,benign,malicious,malicious_fraction
< 1.000,646795,646701,94,0.000145332
1.000 to 1.999,3349,3349,0,0.000000000
2.000 to 2.999,326,326,0,0.000000000
3.000 to 3.999,0,0,0,0.000000000
4.000 to 4.999,3744,3743,1,0.000267094
5.000 to 5.999,0,0,0,0.000000000
6.000 to threshold (7.086),46183,46176,7,0.000151571
threshold to coverage (7.086-7.225),492,488,4,0.008130081
>= coverage score (7.225),13,1,12,0.923076923
